{
  "mean_top": 0.9168149882903982,
  "std_top": 0.1755486392034464
}