{
  "mean_top": 0.8164168618266979,
  "std_top": 0.11499191530939105
}